aspects,scores,id
bitcoin,-0.3375,1108
bitcoin,0.06666666666666667,1108
bitcoin,0.13375,1108
bitcoin,0.0,1108
bitcoin,0.0,1108
bitcoin,0.16,1108
bitcoin,0.19999999999999998,1108
bitcoin,0.0,1077
bitcoin,0.018750000000000003,1077
bitcoin,0.3416666666666667,1077
bitcoin,-0.08333333333333336,1077
bitcoin,-0.3125,1077
bitcoin,0.3,1077
stellar,0.03333333333333333,1077
avalanche,0.55,1049
avalanche,0.55,1049
polygon,0.55,1049
polygon,0.55,1049
