aspects,scores,id
polkadot,0.0,1049
bitcoin,0.0,1049
bitcoin,0.11481481481481481,1077
bitcoin,0.2,1077
bitcoin,0.2,1077
bitcoin,0.5,1069
solana,-0.16666666666666666,1077
solana,-0.1,1077
solana,-0.06666666666666667,1077
solana,0.0,1077
solana,-0.3,1077
solana,0.2,1077
solana,0.2,1077
solana,-0.05,1077
solana,-0.109375,1077
chainlink,0.0,1049
algorand,0.0,1077
