coin,min,delta_lower_quartile,median,delta_upper_quartile,delta_max,max
bitcoin,-0.3375,-0.3375,0.018750000000000003,0.16,0.18166666666666667,0.3416666666666667
stellar,0.03333333333333333,0.0,0.03333333333333333,0.0,0.0,0.03333333333333333
avalanche,0.55,0.0,0.55,0.0,0.0,0.55
polygon,0.55,0.0,0.55,0.0,0.0,0.55
