coin,min,delta_lower_quartile,median,delta_upper_quartile,delta_max
polkadot,0.0,0.0,0.0,0.0,0.0
bitcoin,0.4666666666666667,0.16666666666666663,0.8,0.2666666666666667,0.09999999999999998
chainlink,0.0,0.0,0.0,0.0,0.0
