coin,min,delta_lower_quartile,median,delta_upper_quartile,delta_max
litecoin,0.1755952380952381,0.0,0.1755952380952381,0.0,0.0
polkadot,0.0,0.0,0.0,0.0,0.0
bitcoin,-0.2469387755102041,0.23860544217687077,0.0,0.07821969696969697,0.43011363636363636
dogecoin,0.5,0.0,0.5,0.0,0.0
binance,0.03333333333333333,0.03625,0.10901515151515151,0.08081439393939394,0.04210227272727274
chainlink,0.0,0.0,0.0,0.0,0.0
