coin,min,delta_lower_quartile,median,delta_upper_quartile,delta_max
polkadot,0.0,0.0,0.0,0.0,0.0
bitcoin,0.0,0.0,0.4,0.8500000000000001,0.1499999999999999
chainlink,0.0,0.2,0.4,0.4000000000000001,0.19999999999999996
