id,min,delta_lower_quartile,median,delta_upper_quartile,delta_max
1049,0.0,0.0,0.0,0.0,0.0
1108,0.0,0.0,0.0,0.10416666666666667,0.4958333333333333
