coin,min,delta_lower_quartile,median,delta_upper_quartile,delta_max,max
polkadot,0.0,0.0,0.0,0.0,0.0,0.0
bitcoin,0.0,0.11481481481481481,0.2,0.0851851851851852,0.3,0.5
solana,-0.3,-0.409375,-0.06666666666666667,-0.109375,0.2,0.2
chainlink,0.0,0.0,0.0,0.0,0.0,0.0
algorand,0.0,0.0,0.0,0.0,0.0,0.0
