id,min,delta_lower_quartile,median,delta_upper_quartile,delta_max,lower_quartile,upper_quartile,max
1049,0.0,0.0,0.0,0.0,0.0,0.0,0.0,0.0
1077,-0.3,-0.4046875,-0.05,-0.047280092592592596,0.1425925925925926,-0.1046875,0.05740740740740741,0.2
1069,0.5,0.0,0.5,0.0,0.0,0.5,0.5,0.5
