id,coins,sentiment_polarity,ommit
1049,polkadot,[0.0],0
1049 1108 1026 1077 1055,bitcoin,"[0.0, 0.10416666666666667, 0.0, 0.0, 0.0, 0.6, 0.0, -0.27499999999999997, -0.0018518518518518638, 0.19642857142857142, 0.4, 0.008779761904761905, -0.09999999999999992, 0.0, 0.33333333333333337, 0.03333333333333333, 0.09696969696969698, 0.13333333333333333, 0.19999999999999998]",1
1049,chainlink,[0.0],2
