coins,sentiment_polarity,ommit
polkadot,[0.0],0
bitcoin,"[0.0, 0.425, 0.6, 0.19318181818181818, -0.02840909090909091, 0.011111111111111118, -0.25, 0.09659090909090909, 0.13000000000000003]",1
chainlink,[0.0],2
