id,coins,sentiment_polarity,ommit
1049,polkadot,[0.0],0
1049 1077 1069,bitcoin,"[0.0, 0.11481481481481481, 0.2, 0.2, 0.5]",1
1077,solana,"[-0.16666666666666666, -0.1, -0.06666666666666667, 0.0, -0.3, 0.2, 0.2, -0.05, -0.109375]",2
1049,chainlink,[0.0],3
1077,algorand,[0.0],4
