coins,sentiment_polarity,ommit
litecoin,[0.1755952380952381],0
polkadot,[0.0],1
bitcoin,"[0.0, 0.5, 0.0, 0.18333333333333332, 0.0, 0.075, -0.03333333333333333, -0.2469387755102041, 0.06818181818181818, 0.0, 0.0, -0.13333333333333333]",2
dogecoin,[0.5],3
binance,"[0.08166666666666667, 0.13636363636363635, 0.03333333333333333, 0.1925]",4
chainlink,[0.0],5
