coins,sentiment_polarity,ommit
polkadot,[0.0],0
bitcoin,"[0.0, 0.0, 0.0, 0.1322222222222222, 0.2, 0.0, 0.0, -0.30000000000000004, 0.0, 0.25, 0.125, 0.0, 0.0, 0.16666666666666666, 0.05555555555555555, 0.2, 0.0, -0.16666666666666666, 0.0, -0.5, 0.7, 0.19448051948051948, -0.07777777777777779, 0.0, 0.08333333333333333, 0.08333333333333333, 0.25, 0.0, 0.1, 0.05, 0.0, 0.03333333333333333, 0.425, 0.0, 0.0, 0.0, 0.8, 0.0, 0.225, 0.5, 0.0, 0.11666666666666665, 0.44999999999999996, 0.24545454545454545, 0.3, 0.0, 0.19999999999999998]",1
chainlink,[0.0],2
