id,coins,sentiment_polarity,ommit
1108 1077,bitcoin,"[-0.3375, 0.06666666666666667, 0.13375, 0.0, 0.0, 0.16, 0.19999999999999998, 0.0, 0.018750000000000003, 0.3416666666666667, -0.08333333333333336, -0.3125, 0.3]",0
1077,stellar,[0.03333333333333333],1
1049,avalanche,"[0.55, 0.55]",2
1049,polygon,"[0.55, 0.55]",3
