coins,sentiment_polarity,ommit
polkadot,[0.0],0
bitcoin,"[0.0, 0.10416666666666667, 0.0, 0.0, 0.0, 0.6, 0.0, -0.27499999999999997, -0.0018518518518518638, 0.19642857142857142, 0.4, 0.008779761904761905, -0.09999999999999992, 0.0, 0.33333333333333337, 0.03333333333333333, 0.09696969696969698, 0.13333333333333333, 0.19999999999999998]",1
chainlink,[0.0],2
